Victorin Brunel <victorin.brunel@universite-paris-saclay.fr> Victorin <victorin.brunel@universite-paris-saclay.fr>
Victorin Brunel <victorin.brunel@universite-paris-saclay.fr> Victorin Brunel <83453511+Victorin-Brunel@users.noreply.github.com>
Reinis Cirpons <rc234@st-andrews.ac.uk> reiniscirpons <rc234@st-andrews.ac.uk>
Reinis Cirpons <rc234@st-andrews.ac.uk> Reinis Cirpons <43414125+reiniscirpons@users.noreply.github.com>
Joe Edwards <jde1@st-andrews.ac.uk> Joe Edwards <80713360+Joseph-Edwards@users.noreply.github.com>
Florent Hivert <florent.hivert@lisn.fr> Florent Hivert <Florent.Hivert@lri.fr> 
Florent Hivert <florent.hivert@lisn.fr> Florent Hivert <Florent.Hivert@lisn.fr> 
Florent Hivert <florent.hivert@lisn.fr> Florent Hivert <hivert@users.noreply.github.com>
James Mitchell <jdm3@st-andrews.ac.uk> James Mitchell <jdm3@st-and.ac.uk>
James Mitchell <jdm3@st-andrews.ac.uk> James Mitchell <james-d-mitchell@users.noreply.github.com>
Jean-Baptiste Rouquier <jrouquie@gmail.com> jrouquie <741299+jrouquie@users.noreply.github.com>
